{"realtime_start": "2019-12-06", "seriess": [{"observation_end": "2019-09-01", "last_updated": "2019-11-15 09:11:04-06", "observation_start": "1992-02-01", "frequency": "Monthly", "seasonal_adjustment_short": "NSA", "id": "MRTSMPCSM4400CUSN", "realtime_start": "2019-12-06", "units": "Percent Change from Preceding Period", "units_short": "% Chg. from Preceding Period", "seasonal_adjustment": "Not Seasonally Adjusted", "title": "Retail Sales: GAFO (General Merchandise Normally Sold in Department Stores)", "realtime_end": "2019-12-06", "frequency_short": "M", "notes": "GAFO represents sales at stores that sell merchandise normally sold in department stores. GAFO includes the following kinds of retail businesses: General merchandise stores (NAICS 452); Clothing and clothing accessories stores (NAICS 448); Furniture and home furnishings stores (NAICS 442); Electronics and appliance stores (NAICS 443); Sporting goods, hobby, book, and music stores (NAICS 451); Office supplies, stationery, and gift stores (NAICS 4532). \nInformation about the Monthly Retail Trade Survey can be found on the Census website at https://www.census.gov/retail/mrts/about_the_surveys.html", "popularity": 19}], "realtime_end": "2019-12-06"}