{"realtime_start": "2019-12-06", "seriess": [{"observation_end": "2019-09-01", "last_updated": "2019-11-15 09:11:05-06", "observation_start": "1992-01-01", "frequency": "Monthly", "seasonal_adjustment_short": "SA", "id": "MRTSSM4413USS", "realtime_start": "2019-12-06", "units": "Millions of Dollars", "units_short": "Mil. of $", "seasonal_adjustment": "Seasonally Adjusted", "title": "Retail Sales: Automotive Parts, Accessories, and Tire Stores", "realtime_end": "2019-12-06", "frequency_short": "M", "notes": "Information about the Monthly Retail Trade Survey can be found on the Census website at https://www.census.gov/retail/mrts/about_the_surveys.html", "popularity": 9}], "realtime_end": "2019-12-06"}