{"realtime_start": "2019-12-06", "seriess": [{"observation_end": "2019-09-01", "last_updated": "2019-11-15 09:11:04-06", "observation_start": "1992-01-01", "frequency": "Monthly", "seasonal_adjustment_short": "NSA", "id": "MRTSSM4481USN", "realtime_start": "2019-12-06", "units": "Millions of Dollars", "units_short": "Mil. of $", "seasonal_adjustment": "Not Seasonally Adjusted", "title": "Retail Sales: Clothing Stores", "realtime_end": "2019-12-06", "frequency_short": "M", "notes": "Information about the Monthly Retail Trade Survey can be found on the Census website at https://www.census.gov/retail/mrts/about_the_surveys.html", "popularity": 24}], "realtime_end": "2019-12-06"}